ticket_id,project_id,title,description,status,priority,assigned_to_employee_id,customer_id,created_at,closed_at
1,6,Customer-facing API failure in client environment [Carpenter],Issue reported: Customer-facing API failure in client environment. Customer Carpenter Garcia This is causing data inconsistency. Action required: coordinate with customer and coordinate with customer. First observed: 2023-03-26 | Frequency: sporadic,In Progress,Medium,11,26,2023-03-19,
2,10,Data export causing crash [MonitorHub],Issue reported: Data export causing crash. This is affecting multiple users. Action required: escalate to engineering and implement workaround. First observed: 2023-08-10 | Environment: multi-region,In Progress,Medium,22,,2022-10-24,
3,5,Report generation causing error [DataPipeline],Issue reported: Report generation causing error. Customer Taylor Group This is preventing access. Action required: implement workaround and implement workaround. Frequency: increasing | First observed: 2024-08-08,Resolved,High,16,10,2022-10-25,2023-12-01
4,12,Report generation causing bug [Internal],Issue reported: Report generation causing bug. This is impacting SLA. Action required: investigate root cause and implement workaround. Environment: pre-prod | First observed: 2024-08-26,Resolved,High,12,,2024-12-22,2023-04-27
5,3,Login attempt causing crash [Davies],Issue reported: Login attempt causing crash. Customer Davies Johnson This is causing data inconsistency. Action required: coordinate with customer and implement workaround. Impact: medium | Frequency: increasing,In Progress,High,14,22,2023-12-05,
6,12,Request: Custom dashboard for production [Internal],Issue reported: Request: Custom dashboard for production. This is causing data inconsistency. Action required: investigate root cause and apply hotfix. First observed: 2024-05-31 | Frequency: increasing,In Progress,Medium,13,,2022-09-22,
7,2,Customer-facing Authentication timeout in staging [Smith],Issue reported: Customer-facing Authentication timeout in staging. Customer Smith Miller and Huynh This is causing data inconsistency. Action required: implement workaround and investigate root cause. Frequency: sporadic | Impact: critical,Resolved,Medium,13,20,2022-03-04,2023-07-29
8,10,Request: Bulk import for production [MonitorHub],Issue reported: Request: Bulk import for production. Customer Smith Gibbs and Martin This is blocking deployment. Action required: investigate root cause and implement workaround. Environment: pre-prod | Frequency: increasing,In Progress,Medium,23,31,2024-03-19,
9,3,Unable to export data - resource exhausted [Davies],Issue reported: Unable to export data - resource exhausted. Customer Davies Johnson This is causing data inconsistency. Action required: escalate to engineering and implement workaround. First observed: 2024-04-11 | Environment: multi-region,Resolved,Medium,3,22,2022-02-26,2024-08-08
10,12,Database high latency [Internal],Issue reported: Database high latency. This is impacting SLA. Action required: coordinate with customer and implement workaround. Frequency: increasing | Impact: high,Resolved,Medium,11,,2022-03-15,2024-04-25
11,11,Customer-facing Authentication crash in development [Internal],Issue reported: Customer-facing Authentication crash in development. This is preventing access. Action required: escalate to engineering and investigate root cause. Frequency: intermittent | First observed: 2024-10-06,Pending,Medium,4,,2023-12-05,
12,9,Critical Database crash in user workflow [Pilot],Issue reported: Critical Database crash in user workflow. Customer Newman Green and Fletcher This is affecting multiple users. Action required: apply hotfix and investigate root cause. Environment: staging | Frequency: sporadic,In Progress,Critical,14,1,2022-07-15,
13,9,High priority Integration bug in production [Pilot],Issue reported: High priority Integration bug in production. Customer Newman Green and Fletcher This is blocking deployment. Action required: escalate to engineering and escalate to engineering. Environment: pre-prod | Frequency: consistent,Open,Medium,15,1,2022-03-24,
14,1,Request: Custom dashboard for user workflow [Internal],Issue reported: Request: Custom dashboard for user workflow. This is impacting SLA. Action required: coordinate with customer and coordinate with customer. Frequency: increasing | Environment: pre-prod,Resolved,Low,14,,2023-07-19,2025-10-17
15,5,Request: API access for development [DataPipeline],Issue reported: Request: API access for development. Customer Taylor Group This is impacting SLA. Action required: apply hotfix and escalate to engineering. Frequency: intermittent | Environment: pre-prod,Resolved,Medium,12,10,2024-09-20,2023-06-08
16,9,Report generation causing malfunction [Pilot],Issue reported: Report generation causing malfunction. This is impacting SLA. Action required: investigate root cause and apply hotfix. First observed: 2024-06-14 | Environment: production,In Progress,Medium,11,,2022-09-19,
17,3,Unable to load module - permission denied [Davies],Issue reported: Unable to load module - permission denied. This is blocking deployment. Action required: implement workaround and coordinate with customer. Environment: pre-prod | Frequency: intermittent,Resolved,Low,3,,2024-10-20,2024-01-25
18,1,Sync process causing failure [Internal],Issue reported: Sync process causing failure. This is impacting SLA. Action required: coordinate with customer and investigate root cause. Environment: production | Impact: user-facing,In Progress,Medium,15,,2023-09-12,
19,6,Critical Dashboard crash in client environment [Carpenter],Issue reported: Critical Dashboard crash in client environment. Customer Carpenter Garcia This is causing data inconsistency. Action required: investigate root cause and escalate to engineering. Frequency: consistent | First observed: 2024-05-06,In Progress,High,2,26,2024-12-15,
20,6,Unable to complete sync - resource exhausted [Carpenter],Issue reported: Unable to complete sync - resource exhausted. Customer Carpenter Garcia This is impacting SLA. Action required: investigate root cause and investigate root cause. Impact: critical | Environment: staging,In Progress,Medium,7,26,2023-06-20,
21,6,Login attempt causing problem [Carpenter],Issue reported: Login attempt causing problem. Customer Carpenter Garcia This is affecting multiple users. Action required: apply hotfix and apply hotfix. Frequency: consistent | Environment: multi-region,In Progress,High,8,26,2023-01-08,
22,4,Critical Dashboard problem in data pipeline [POC],Issue reported: Critical Dashboard problem in data pipeline. Customer Rich Spencer This is impacting SLA. Action required: apply hotfix and coordinate with customer. First observed: 2024-07-25 | Environment: multi-region,Resolved,Medium,8,4,2024-09-01,2024-10-26
23,1,Report generation causing timeout [Internal],Issue reported: Report generation causing timeout. This is impacting SLA. Action required: investigate root cause and investigate root cause. Frequency: consistent | Impact: high,Closed,Low,7,,2022-03-03,2025-09-06
24,1,Request: Bulk import for development [Internal],Issue reported: Request: Bulk import for development. This is preventing access. Action required: coordinate with customer and escalate to engineering. First observed: 2024-12-26 | Impact: critical,Resolved,High,8,,2022-12-15,2024-05-14
25,5,Production Authentication crash in staging [DataPipeline],Issue reported: Production Authentication crash in staging. This is impacting SLA. Action required: escalate to engineering and apply hotfix. Frequency: consistent | First observed: 2024-12-09,In Progress,Medium,24,,2023-07-18,
26,3,Urgent Service failure in client environment [Davies],Issue reported: Urgent Service failure in client environment. Customer Davies Johnson This is preventing access. Action required: escalate to engineering and implement workaround. Impact: medium | First observed: 2023-09-23,In Progress,High,4,22,2024-04-06,
27,3,Critical Service error in user workflow [Davies],Issue reported: Critical Service error in user workflow. This is impacting SLA. Action required: implement workaround and investigate root cause. Impact: user-facing | Environment: multi-region,Resolved,Low,24,,2024-06-29,2024-04-08
28,10,Unable to generate report - resource exhausted [MonitorHub],Issue reported: Unable to generate report - resource exhausted. Customer Smith Gibbs and Martin This is preventing access. Action required: coordinate with customer and investigate root cause. Frequency: consistent | Impact: critical,In Progress,High,10,31,2023-11-30,
29,5,UI performance degradation [DataPipeline],Issue reported: UI performance degradation. Customer Taylor Group This is affecting multiple users. Action required: implement workaround and implement workaround. Environment: multi-region | First observed: 2024-03-24,In Progress,High,7,10,2022-09-14,
30,3,Request: API access for user workflow [Davies],Issue reported: Request: API access for user workflow. This is causing data inconsistency. Action required: escalate to engineering and implement workaround. Impact: medium | First observed: 2023-10-15,Open,Medium,19,,2023-10-03,
31,3,Unable to generate report - permission denied [Davies],Issue reported: Unable to generate report - permission denied. Customer Davies Johnson This is impacting SLA. Action required: coordinate with customer and investigate root cause. Environment: production | Frequency: consistent,Resolved,Low,18,22,2023-05-05,2024-10-03
32,3,Unable to complete sync - timeout error [Davies],Issue reported: Unable to complete sync - timeout error. Customer Davies Johnson This is causing data inconsistency. Action required: coordinate with customer and apply hotfix. Frequency: intermittent | Impact: high,In Progress,Medium,8,22,2022-07-04,
33,3,Sync process causing timeout [Davies],Issue reported: Sync process causing timeout. Customer Davies Johnson This is blocking deployment. Action required: implement workaround and escalate to engineering. First observed: 2023-11-25 | Environment: production,Closed,Medium,7,22,2024-12-11,2025-12-09
34,5,Unable to generate report - connection refused [DataPipeline],Issue reported: Unable to generate report - connection refused. Customer Taylor Group This is preventing access. Action required: apply hotfix and investigate root cause. First observed: 2023-02-12 | Frequency: increasing,Pending,Low,14,10,2023-10-19,
35,3,Request: Enhanced logging for staging [Davies],Issue reported: Request: Enhanced logging for staging. Customer Davies Johnson This is affecting multiple users. Action required: implement workaround and implement workaround. Frequency: intermittent | Impact: medium,Open,Medium,7,22,2023-08-05,
36,2,Request: API access for data pipeline [Smith],Issue reported: Request: API access for data pipeline. Customer Smith Miller and Huynh This is causing data inconsistency. Action required: coordinate with customer and implement workaround. Environment: production | Frequency: increasing,In Progress,Low,22,20,2022-10-21,
37,9,Request: Enhanced logging for production [Pilot],Issue reported: Request: Enhanced logging for production. Customer Newman Green and Fletcher This is impacting SLA. Action required: apply hotfix and implement workaround. First observed: 2024-05-26 | Impact: high,Resolved,High,23,1,2024-05-12,2024-09-12
38,3,Request: Audit trail for user workflow [Davies],Issue reported: Request: Audit trail for user workflow. Customer Davies Johnson This is preventing access. Action required: apply hotfix and escalate to engineering. Environment: staging | Impact: high,In Progress,Medium,12,22,2022-01-24,
39,2,Request: Audit trail for production [Smith],Issue reported: Request: Audit trail for production. Customer Smith Miller and Huynh This is impacting SLA. Action required: escalate to engineering and investigate root cause. Environment: production | Frequency: intermittent,Pending,Medium,10,20,2023-03-28,
40,6,Request: Enhanced logging for data pipeline [Carpenter],Issue reported: Request: Enhanced logging for data pipeline. Customer Carpenter Garcia This is affecting multiple users. Action required: escalate to engineering and coordinate with customer. Frequency: sporadic | First observed: 2024-10-03,Resolved,Medium,15,26,2024-12-30,2024-12-26
41,10,Critical Pipeline problem in client environment [MonitorHub],Issue reported: Critical Pipeline problem in client environment. Customer Smith Gibbs and Martin This is blocking deployment. Action required: apply hotfix and implement workaround. Impact: medium | Environment: staging,Resolved,High,23,31,2024-10-07,2024-09-08
42,11,Batch job causing problem [Internal],Issue reported: Batch job causing problem. This is causing data inconsistency. Action required: investigate root cause and apply hotfix. Frequency: sporadic | Impact: high,In Progress,Low,12,,2024-02-19,
43,11,Production Service problem in development [Internal],Issue reported: Production Service problem in development. This is preventing access. Action required: coordinate with customer and coordinate with customer. Impact: critical | First observed: 2023-11-17,In Progress,Critical,7,,2022-01-07,
44,3,Unable to load module - null pointer [Davies],Issue reported: Unable to load module - null pointer. This is causing data inconsistency. Action required: apply hotfix and investigate root cause. Impact: user-facing | First observed: 2024-10-03,Resolved,High,7,,2023-07-09,2024-06-13
45,2,Request: Bulk import for data pipeline [Smith],Issue reported: Request: Bulk import for data pipeline. Customer Smith Miller and Huynh This is blocking deployment. Action required: coordinate with customer and escalate to engineering. Frequency: increasing | Impact: medium,Pending,Critical,21,20,2022-09-18,
46,7,Sync process causing issue [SecureGate],Issue reported: Sync process causing issue. Customer Jordan Ltd This is affecting multiple users. Action required: investigate root cause and apply hotfix. Impact: high | Frequency: intermittent,Open,Low,11,6,2022-08-27,
47,2,API memory leak [Smith],Issue reported: API memory leak. Customer Smith Miller and Huynh This is affecting multiple users. Action required: apply hotfix and investigate root cause. Impact: critical | Frequency: consistent,Open,Critical,16,20,2022-08-07,
48,3,Sync process causing malfunction [Davies],Issue reported: Sync process causing malfunction. Customer Davies Johnson This is causing data inconsistency. Action required: investigate root cause and escalate to engineering. Environment: pre-prod | First observed: 2024-04-19,Pending,High,2,22,2024-10-04,
49,11,Request: Audit trail for user workflow [Internal],Issue reported: Request: Audit trail for user workflow. This is causing data inconsistency. Action required: investigate root cause and escalate to engineering. First observed: 2023-04-12 | Frequency: increasing,Open,Low,16,,2023-12-24,
50,12,Batch job causing error [Internal],Issue reported: Batch job causing error. This is affecting multiple users. Action required: investigate root cause and implement workaround. Impact: high | First observed: 2024-06-09,Resolved,High,12,,2022-04-26,2023-09-19
51,2,Request: API access for user workflow [Smith],Issue reported: Request: API access for user workflow. Customer Smith Miller and Huynh This is preventing access. Action required: coordinate with customer and implement workaround. Impact: high | Frequency: intermittent,Open,High,11,20,2022-11-13,
52,3,Unable to load module - permission denied [Davies],Issue reported: Unable to load module - permission denied. Customer Davies Johnson This is causing data inconsistency. Action required: investigate root cause and apply hotfix. Frequency: consistent | First observed: 2023-11-22,Resolved,Critical,21,22,2024-03-01,2024-08-16
53,3,Unable to access dashboard - permission denied [Davies],Issue reported: Unable to access dashboard - permission denied. This is blocking deployment. Action required: escalate to engineering and investigate root cause. Impact: high | First observed: 2023-01-03,Open,Medium,4,,2023-07-31,
54,8,Pipeline bottleneck detected [Rhodes],Issue reported: Pipeline bottleneck detected. Customer Rhodes Burke and Love This is blocking deployment. Action required: coordinate with customer and implement workaround. Impact: user-facing | Environment: production,In Progress,Medium,15,9,2022-06-22,
55,8,Production Service issue in user workflow [Rhodes],Issue reported: Production Service issue in user workflow. Customer Rhodes Burke and Love This is causing data inconsistency. Action required: apply hotfix and escalate to engineering. First observed: 2024-08-01 | Environment: multi-region,Open,High,19,9,2022-11-05,
56,9,Login attempt causing problem [Pilot],Issue reported: Login attempt causing problem. Customer Newman Green and Fletcher This is causing data inconsistency. Action required: coordinate with customer and apply hotfix. Environment: production | First observed: 2023-11-01,In Progress,Medium,8,1,2024-04-22,
57,2,Critical UI failure in production [Smith],Issue reported: Critical UI failure in production. Customer Smith Miller and Huynh This is causing data inconsistency. Action required: implement workaround and coordinate with customer. First observed: 2023-07-17 | Frequency: consistent,Resolved,Critical,5,20,2023-08-28,2023-11-28
58,3,Data export causing problem [Davies],Issue reported: Data export causing problem. Customer Davies Johnson This is preventing access. Action required: implement workaround and implement workaround. Impact: critical | Environment: staging,In Progress,Medium,20,22,2023-03-26,
59,5,UI bottleneck detected [DataPipeline],Issue reported: UI bottleneck detected. Customer Taylor Group This is affecting multiple users. Action required: investigate root cause and coordinate with customer. Frequency: sporadic | First observed: 2024-10-18,Open,Medium,19,10,2022-04-16,
60,12,Report generation causing issue [Internal],Issue reported: Report generation causing issue. This is affecting multiple users. Action required: escalate to engineering and implement workaround. Impact: medium | Environment: production,Open,High,7,,2023-11-20,
61,10,Unable to complete sync - timeout error [MonitorHub],Issue reported: Unable to complete sync - timeout error. Customer Smith Gibbs and Martin This is affecting multiple users. Action required: escalate to engineering and coordinate with customer. Environment: pre-prod | Frequency: consistent,In Progress,Medium,3,31,2022-09-25,
62,5,Unable to complete sync - timeout error [DataPipeline],Issue reported: Unable to complete sync - timeout error. Customer Taylor Group This is affecting multiple users. Action required: implement workaround and escalate to engineering. First observed: 2023-12-09 | Environment: production,Open,High,21,10,2023-08-24,
63,8,Request: API access for staging [Rhodes],Issue reported: Request: API access for staging. Customer Rhodes Burke and Love This is causing data inconsistency. Action required: coordinate with customer and escalate to engineering. First observed: 2023-08-02 | Impact: medium,Pending,Low,5,9,2023-03-08,
64,6,Customer-facing Module problem in user workflow [Carpenter],Issue reported: Customer-facing Module problem in user workflow. Customer Carpenter Garcia This is impacting SLA. Action required: coordinate with customer and apply hotfix. Impact: medium | Environment: production,Resolved,Medium,2,26,2024-05-24,2023-12-29
65,4,Batch job causing bug [POC],Issue reported: Batch job causing bug. Customer Rich Spencer This is affecting multiple users. Action required: escalate to engineering and implement workaround. First observed: 2023-08-22 | Frequency: consistent,Open,High,2,4,2022-09-27,
66,12,Integration high latency [Internal],Issue reported: Integration high latency. This is affecting multiple users. Action required: investigate root cause and apply hotfix. Environment: production | First observed: 2024-03-20,In Progress,Low,16,,2024-04-06,
67,8,Batch job causing issue [Rhodes],Issue reported: Batch job causing issue. Customer Rhodes Burke and Love This is affecting multiple users. Action required: apply hotfix and coordinate with customer. Environment: pre-prod | First observed: 2023-03-09,Resolved,Medium,6,9,2024-08-31,2025-05-24
68,11,Urgent Integration timeout in client environment [Internal],Issue reported: Urgent Integration timeout in client environment. This is affecting multiple users. Action required: investigate root cause and escalate to engineering. Impact: critical | Environment: multi-region,Closed,Medium,22,,2023-07-05,2025-06-22
69,9,Backend running slow [Pilot],Issue reported: Backend running slow. This is affecting multiple users. Action required: coordinate with customer and implement workaround. Impact: medium | Frequency: sporadic,In Progress,Medium,22,,2022-09-05,
70,5,Data export causing error [DataPipeline],Issue reported: Data export causing error. This is impacting SLA. Action required: coordinate with customer and investigate root cause. Environment: multi-region | First observed: 2024-08-30,In Progress,Medium,22,,2024-12-04,
71,2,Unable to export data - permission denied [Smith],Issue reported: Unable to export data - permission denied. This is causing data inconsistency. Action required: implement workaround and investigate root cause. Frequency: increasing | Environment: staging,Open,Medium,20,,2023-08-26,
72,10,Authentication memory leak [MonitorHub],Issue reported: Authentication memory leak. This is impacting SLA. Action required: apply hotfix and investigate root cause. Environment: multi-region | Impact: critical,Resolved,Low,12,,2023-05-01,2023-04-26
73,6,Module memory leak [Carpenter],Issue reported: Module memory leak. Customer Carpenter Garcia This is affecting multiple users. Action required: apply hotfix and implement workaround. Frequency: consistent | Environment: production,Resolved,Low,19,26,2024-03-13,2023-06-24
74,1,Production Database timeout in user workflow [Internal],Issue reported: Production Database timeout in user workflow. This is affecting multiple users. Action required: escalate to engineering and coordinate with customer. Environment: multi-region | Impact: medium,In Progress,Medium,10,,2023-01-26,
75,8,Unable to access dashboard - permission denied [Rhodes],Issue reported: Unable to access dashboard - permission denied. Customer Rhodes Burke and Love This is causing data inconsistency. Action required: apply hotfix and implement workaround. Frequency: sporadic | Environment: production,In Progress,High,22,9,2023-10-16,
76,6,Report generation causing bug [Carpenter],Issue reported: Report generation causing bug. Customer Carpenter Garcia This is impacting SLA. Action required: coordinate with customer and coordinate with customer. Frequency: sporadic | First observed: 2023-07-03,Open,Critical,5,26,2023-03-20,
77,6,High priority Dashboard malfunction in data pipeline [Carpenter],Issue reported: High priority Dashboard malfunction in data pipeline. Customer Carpenter Garcia This is causing data inconsistency. Action required: apply hotfix and coordinate with customer. Impact: high | Environment: pre-prod,Resolved,Low,16,26,2024-08-29,2023-02-18
78,2,API bottleneck detected [Smith],Issue reported: API bottleneck detected. Customer Smith Miller and Huynh This is causing data inconsistency. Action required: apply hotfix and investigate root cause. Environment: staging | Frequency: consistent,In Progress,High,6,20,2022-12-05,
79,7,Urgent Backend crash in user workflow [SecureGate],Issue reported: Urgent Backend crash in user workflow. Customer Jordan Ltd This is causing data inconsistency. Action required: coordinate with customer and escalate to engineering. First observed: 2024-10-28 | Impact: user-facing,In Progress,Low,6,6,2024-11-11,
80,8,Pipeline bottleneck detected [Rhodes],Issue reported: Pipeline bottleneck detected. Customer Rhodes Burke and Love This is affecting multiple users. Action required: escalate to engineering and investigate root cause. Environment: staging | First observed: 2024-11-11,Open,High,23,9,2024-11-25,
81,12,Database high latency [Internal],Issue reported: Database high latency. This is preventing access. Action required: apply hotfix and implement workaround. Impact: user-facing | Environment: production,In Progress,Low,21,,2023-09-18,
82,9,Customer-facing API malfunction in user workflow [Pilot],Issue reported: Customer-facing API malfunction in user workflow. Customer Newman Green and Fletcher This is impacting SLA. Action required: implement workaround and apply hotfix. Environment: staging | Impact: user-facing,Closed,Medium,15,1,2023-04-01,2024-06-30
83,4,High priority API timeout in production [POC],Issue reported: High priority API timeout in production. Customer Rich Spencer This is blocking deployment. Action required: investigate root cause and implement workaround. First observed: 2023-06-11 | Frequency: intermittent,Resolved,High,20,4,2024-11-16,2023-10-18
84,11,Request: Enhanced logging for staging [Internal],Issue reported: Request: Enhanced logging for staging. This is blocking deployment. Action required: investigate root cause and implement workaround. Impact: medium | Environment: staging,In Progress,Low,11,,2023-08-20,
85,3,Request: Bulk import for production [Davies],Issue reported: Request: Bulk import for production. Customer Davies Johnson This is causing data inconsistency. Action required: escalate to engineering and implement workaround. Frequency: intermittent | Impact: user-facing,Pending,Low,1,22,2024-07-17,
86,4,Request: Enhanced logging for staging [POC],Issue reported: Request: Enhanced logging for staging. Customer Rich Spencer This is causing data inconsistency. Action required: escalate to engineering and coordinate with customer. Impact: critical | Frequency: intermittent,In Progress,Medium,19,4,2022-06-30,
87,2,Customer-facing UI malfunction in staging [Smith],Issue reported: Customer-facing UI malfunction in staging. Customer Smith Miller and Huynh This is blocking deployment. Action required: implement workaround and coordinate with customer. Frequency: intermittent | Impact: medium,In Progress,Low,18,20,2024-02-16,
88,6,Critical Backend problem in production [Carpenter],Issue reported: Critical Backend problem in production. Customer Carpenter Garcia This is preventing access. Action required: investigate root cause and coordinate with customer. Impact: user-facing | Environment: staging,In Progress,Medium,24,26,2023-07-16,
89,8,Request: API access for client environment [Rhodes],Issue reported: Request: API access for client environment. This is affecting multiple users. Action required: investigate root cause and escalate to engineering. Frequency: sporadic | Impact: critical,In Progress,Low,14,,2024-02-05,
90,5,Request: API access for production [DataPipeline],Issue reported: Request: API access for production. Customer Taylor Group This is blocking deployment. Action required: apply hotfix and coordinate with customer. Impact: high | Frequency: increasing,In Progress,Medium,5,10,2024-04-06,
91,7,Urgent API timeout in client environment [SecureGate],Issue reported: Urgent API timeout in client environment. Customer Jordan Ltd This is impacting SLA. Action required: investigate root cause and coordinate with customer. Impact: user-facing | Environment: production,Open,Medium,3,6,2022-10-06,
92,5,Critical Backend issue in development [DataPipeline],Issue reported: Critical Backend issue in development. Customer Taylor Group This is blocking deployment. Action required: coordinate with customer and escalate to engineering. Environment: staging | Frequency: intermittent,In Progress,Medium,2,10,2024-11-16,
93,10,Unable to generate report - resource exhausted [MonitorHub],Issue reported: Unable to generate report - resource exhausted. This is impacting SLA. Action required: implement workaround and apply hotfix. First observed: 2023-03-01 | Environment: pre-prod,In Progress,Low,12,,2024-09-25,
94,2,Backend high latency [Smith],Issue reported: Backend high latency. This is impacting SLA. Action required: implement workaround and escalate to engineering. Environment: staging | First observed: 2023-12-25,In Progress,Low,8,,2024-09-09,
95,1,Integration high latency [Internal],Issue reported: Integration high latency. This is preventing access. Action required: apply hotfix and coordinate with customer. Environment: production | First observed: 2023-10-28,Pending,High,8,,2022-03-13,
96,7,Unable to complete sync - timeout error [SecureGate],Issue reported: Unable to complete sync - timeout error. This is blocking deployment. Action required: implement workaround and apply hotfix. Environment: multi-region | Frequency: consistent,In Progress,Critical,4,,2023-09-11,
97,10,Customer-facing Backend bug in staging [MonitorHub],Issue reported: Customer-facing Backend bug in staging. Customer Smith Gibbs and Martin This is preventing access. Action required: escalate to engineering and apply hotfix. First observed: 2024-02-24 | Frequency: increasing,In Progress,Critical,6,31,2022-06-12,
98,10,High priority Database problem in staging [MonitorHub],Issue reported: High priority Database problem in staging. Customer Smith Gibbs and Martin This is affecting multiple users. Action required: apply hotfix and escalate to engineering. First observed: 2024-05-04 | Frequency: sporadic,Resolved,Medium,9,31,2023-01-11,2025-11-22
99,12,Request: Audit trail for user workflow [Internal],Issue reported: Request: Audit trail for user workflow. This is preventing access. Action required: escalate to engineering and escalate to engineering. Environment: multi-region | Impact: medium,Closed,High,14,,2023-03-26,2025-10-07
100,2,Batch job causing issue [Smith],Issue reported: Batch job causing issue. Customer Smith Miller and Huynh This is blocking deployment. Action required: apply hotfix and apply hotfix. Environment: multi-region | Frequency: sporadic,In Progress,High,6,20,2024-08-04,
101,4,Module performance degradation [POC],Issue reported: Module performance degradation. Customer Rich Spencer This is blocking deployment. Action required: investigate root cause and implement workaround. Impact: high | Frequency: increasing,In Progress,High,23,4,2022-05-19,
102,3,Customer-facing Backend issue in staging [Davies],Issue reported: Customer-facing Backend issue in staging. This is impacting SLA. Action required: escalate to engineering and escalate to engineering. Environment: pre-prod | Impact: medium,In Progress,Medium,24,,2022-11-07,
103,11,Request: Custom dashboard for development [Internal],Issue reported: Request: Custom dashboard for development. This is blocking deployment. Action required: coordinate with customer and implement workaround. First observed: 2023-03-06 | Impact: user-facing,Closed,Low,12,,2024-02-23,2023-09-13
104,2,Request: Audit trail for client environment [Smith],Issue reported: Request: Audit trail for client environment. Customer Smith Miller and Huynh This is causing data inconsistency. Action required: escalate to engineering and investigate root cause. Environment: multi-region | Frequency: increasing,Resolved,High,6,20,2022-06-09,2024-05-19
105,12,Critical UI issue in user workflow [Internal],Issue reported: Critical UI issue in user workflow. This is causing data inconsistency. Action required: apply hotfix and coordinate with customer. Impact: user-facing | First observed: 2024-06-24,Resolved,Medium,8,,2024-11-26,2023-10-28
106,7,Backend performance degradation [SecureGate],Issue reported: Backend performance degradation. Customer Jordan Ltd This is preventing access. Action required: investigate root cause and apply hotfix. Frequency: intermittent | Impact: high,In Progress,Medium,15,6,2022-09-27,
107,12,Request: Custom dashboard for production [Internal],Issue reported: Request: Custom dashboard for production. This is blocking deployment. Action required: coordinate with customer and coordinate with customer. Impact: user-facing | First observed: 2023-04-18,In Progress,Medium,16,,2022-02-27,
108,10,High priority Backend error in production [MonitorHub],Issue reported: High priority Backend error in production. Customer Smith Gibbs and Martin This is causing data inconsistency. Action required: apply hotfix and apply hotfix. Environment: multi-region | Frequency: consistent,In Progress,Medium,5,31,2023-09-28,
109,4,High priority Database malfunction in user workflow [POC],Issue reported: High priority Database malfunction in user workflow. Customer Rich Spencer This is affecting multiple users. Action required: implement workaround and implement workaround. Frequency: increasing | First observed: 2023-01-19,In Progress,High,5,4,2022-12-02,
110,12,Sync process causing error [Internal],Issue reported: Sync process causing error. This is affecting multiple users. Action required: coordinate with customer and apply hotfix. Environment: pre-prod | First observed: 2024-07-03,In Progress,Medium,12,,2024-08-21,
111,7,Request: Enhanced logging for staging [SecureGate],Issue reported: Request: Enhanced logging for staging. Customer Jordan Ltd This is blocking deployment. Action required: investigate root cause and escalate to engineering. Frequency: consistent | Impact: critical,In Progress,High,25,6,2023-12-25,
112,12,Request: Enhanced logging for staging [Internal],Issue reported: Request: Enhanced logging for staging. This is affecting multiple users. Action required: investigate root cause and implement workaround. First observed: 2023-04-06 | Impact: user-facing,Resolved,High,4,,2024-10-18,2024-03-21
113,8,API running slow [Rhodes],Issue reported: API running slow. Customer Rhodes Burke and Love This is blocking deployment. Action required: implement workaround and implement workaround. First observed: 2024-12-03 | Frequency: increasing,In Progress,Critical,9,9,2022-06-18,
114,7,Dashboard memory leak [SecureGate],Issue reported: Dashboard memory leak. Customer Jordan Ltd This is impacting SLA. Action required: escalate to engineering and implement workaround. Impact: high | First observed: 2024-02-15,Pending,Medium,18,6,2024-08-05,
115,3,Request: API access for staging [Davies],Issue reported: Request: API access for staging. Customer Davies Johnson This is affecting multiple users. Action required: coordinate with customer and implement workaround. Frequency: sporadic | First observed: 2023-09-14,Pending,High,11,22,2023-08-19,
116,8,Unable to export data - timeout error [Rhodes],Issue reported: Unable to export data - timeout error. Customer Rhodes Burke and Love This is causing data inconsistency. Action required: coordinate with customer and apply hotfix. First observed: 2023-04-29 | Impact: medium,Resolved,High,10,9,2023-08-29,2024-08-02
117,3,High priority Authentication timeout in production [Davies],Issue reported: High priority Authentication timeout in production. This is causing data inconsistency. Action required: apply hotfix and implement workaround. First observed: 2024-02-21 | Environment: pre-prod,Closed,Medium,18,,2022-10-16,2024-12-07
118,3,Request: Bulk import for staging [Davies],Issue reported: Request: Bulk import for staging. This is preventing access. Action required: investigate root cause and apply hotfix. First observed: 2024-02-09 | Environment: staging,In Progress,Low,4,,2023-08-27,
119,8,Production Database failure in staging [Rhodes],Issue reported: Production Database failure in staging. Customer Rhodes Burke and Love This is preventing access. Action required: implement workaround and implement workaround. First observed: 2024-12-05 | Frequency: consistent,Closed,Critical,16,9,2024-07-09,2024-07-31
120,10,Request: API access for production [MonitorHub],Issue reported: Request: API access for production. Customer Smith Gibbs and Martin This is causing data inconsistency. Action required: implement workaround and apply hotfix. First observed: 2023-01-02 | Frequency: intermittent,In Progress,Medium,3,31,2022-10-14,
121,12,Production Dashboard issue in user workflow [Internal],Issue reported: Production Dashboard issue in user workflow. This is preventing access. Action required: apply hotfix and coordinate with customer. Impact: medium | Frequency: increasing,Resolved,Medium,16,,2024-09-20,2023-01-06
122,8,Report generation causing issue [Rhodes],Issue reported: Report generation causing issue. Customer Rhodes Burke and Love This is impacting SLA. Action required: apply hotfix and implement workaround. Frequency: consistent | Environment: pre-prod,In Progress,Low,21,9,2023-10-02,
123,4,Request: Custom dashboard for production [POC],Issue reported: Request: Custom dashboard for production. Customer Rich Spencer This is affecting multiple users. Action required: coordinate with customer and coordinate with customer. Impact: high | Environment: production,In Progress,Medium,23,4,2024-08-19,
124,2,Production Pipeline crash in production [Smith],Issue reported: Production Pipeline crash in production. Customer Smith Miller and Huynh This is impacting SLA. Action required: coordinate with customer and coordinate with customer. Frequency: consistent | Impact: high,Resolved,High,16,20,2023-03-25,2025-03-19
125,8,Dashboard memory leak [Rhodes],Issue reported: Dashboard memory leak. Customer Rhodes Burke and Love This is preventing access. Action required: apply hotfix and implement workaround. First observed: 2024-02-15 | Environment: staging,In Progress,Medium,8,9,2023-06-03,
126,5,High priority Backend malfunction in data pipeline [DataPipeline],Issue reported: High priority Backend malfunction in data pipeline. Customer Taylor Group This is affecting multiple users. Action required: apply hotfix and implement workaround. Impact: critical | Frequency: sporadic,Resolved,High,23,10,2023-11-12,2023-02-02
127,11,Request: Custom dashboard for user workflow [Internal],Issue reported: Request: Custom dashboard for user workflow. This is preventing access. Action required: coordinate with customer and coordinate with customer. Environment: pre-prod | Impact: critical,In Progress,Medium,3,,2023-01-24,
128,5,Service high latency [DataPipeline],Issue reported: Service high latency. Customer Taylor Group This is impacting SLA. Action required: implement workaround and apply hotfix. First observed: 2024-09-26 | Environment: staging,In Progress,High,8,10,2023-10-04,
129,12,Unable to generate report - resource exhausted [Internal],Issue reported: Unable to generate report - resource exhausted. This is affecting multiple users. Action required: apply hotfix and escalate to engineering. First observed: 2023-08-23 | Frequency: sporadic,In Progress,Medium,19,,2022-11-11,
130,1,Request: Enhanced logging for staging [Internal],Issue reported: Request: Enhanced logging for staging. This is preventing access. Action required: apply hotfix and investigate root cause. Environment: pre-prod | Frequency: sporadic,Open,Medium,6,,2022-01-31,
131,9,Request: API access for data pipeline [Pilot],Issue reported: Request: API access for data pipeline. Customer Newman Green and Fletcher This is impacting SLA. Action required: coordinate with customer and escalate to engineering. Impact: user-facing | Frequency: consistent,Open,Medium,3,1,2024-10-22,
132,1,Production Module error in development [Internal],Issue reported: Production Module error in development. This is preventing access. Action required: escalate to engineering and implement workaround. First observed: 2023-09-24 | Frequency: sporadic,In Progress,High,19,,2023-04-07,
133,4,Data export causing bug [POC],Issue reported: Data export causing bug. Customer Rich Spencer This is blocking deployment. Action required: implement workaround and implement workaround. Frequency: increasing | Impact: user-facing,Resolved,High,6,4,2023-12-12,2023-06-03
134,11,Authentication high latency [Internal],Issue reported: Authentication high latency. This is preventing access. Action required: implement workaround and coordinate with customer. Impact: high | Frequency: consistent,In Progress,Critical,24,,2022-10-27,
135,12,Dashboard performance degradation [Internal],Issue reported: Dashboard performance degradation. This is impacting SLA. Action required: implement workaround and escalate to engineering. First observed: 2024-07-07 | Frequency: intermittent,Resolved,Medium,13,,2022-02-15,2024-06-27
136,4,Request: API access for development [POC],Issue reported: Request: API access for development. Customer Rich Spencer This is causing data inconsistency. Action required: investigate root cause and coordinate with customer. First observed: 2023-03-31 | Environment: production,Resolved,High,1,4,2022-12-08,2025-03-22
137,3,Request: Audit trail for development [Davies],Issue reported: Request: Audit trail for development. Customer Davies Johnson This is impacting SLA. Action required: implement workaround and implement workaround. Impact: high | Frequency: increasing,Open,Medium,17,22,2024-09-19,
138,2,Production API crash in client environment [Smith],Issue reported: Production API crash in client environment. Customer Smith Miller and Huynh This is blocking deployment. Action required: escalate to engineering and escalate to engineering. Frequency: sporadic | Environment: production,Closed,Medium,1,20,2023-08-20,2025-09-01
139,4,Unable to complete sync - null pointer [POC],Issue reported: Unable to complete sync - null pointer. Customer Rich Spencer This is causing data inconsistency. Action required: apply hotfix and escalate to engineering. Frequency: increasing | Environment: pre-prod,Open,Medium,12,4,2024-01-04,
140,3,High priority Dashboard timeout in client environment [Davies],Issue reported: High priority Dashboard timeout in client environment. Customer Davies Johnson This is blocking deployment. Action required: coordinate with customer and escalate to engineering. Frequency: sporadic | Impact: user-facing,Resolved,Medium,11,22,2022-08-21,2024-11-03
141,7,Pipeline running slow [SecureGate],Issue reported: Pipeline running slow. Customer Jordan Ltd This is impacting SLA. Action required: escalate to engineering and escalate to engineering. Impact: user-facing | Frequency: sporadic,Open,Medium,12,6,2023-10-08,
142,4,Module running slow [POC],Issue reported: Module running slow. Customer Rich Spencer This is blocking deployment. Action required: escalate to engineering and escalate to engineering. Impact: critical | Frequency: consistent,Resolved,Medium,5,4,2023-05-05,2024-02-19
143,7,Urgent Authentication timeout in data pipeline [SecureGate],Issue reported: Urgent Authentication timeout in data pipeline. Customer Jordan Ltd This is blocking deployment. Action required: apply hotfix and coordinate with customer. Environment: pre-prod | Impact: medium,Resolved,Low,13,6,2023-03-01,2023-02-26
144,5,Sync process causing problem [DataPipeline],Issue reported: Sync process causing problem. This is causing data inconsistency. Action required: implement workaround and apply hotfix. Frequency: sporadic | First observed: 2023-12-06,In Progress,Medium,5,,2022-02-04,
145,7,Request: API access for user workflow [SecureGate],Issue reported: Request: API access for user workflow. Customer Jordan Ltd This is preventing access. Action required: escalate to engineering and implement workaround. Frequency: intermittent | Environment: production,Resolved,Medium,12,6,2024-03-23,2024-12-02
146,8,Customer-facing API bug in staging [Rhodes],Issue reported: Customer-facing API bug in staging. This is causing data inconsistency. Action required: coordinate with customer and coordinate with customer. First observed: 2023-01-17 | Frequency: sporadic,Resolved,Medium,15,,2023-06-04,2025-02-09
147,6,Request: Audit trail for client environment [Carpenter],Issue reported: Request: Audit trail for client environment. Customer Carpenter Garcia This is impacting SLA. Action required: apply hotfix and implement workaround. Frequency: sporadic | Impact: user-facing,Open,Medium,19,26,2022-07-09,
148,2,Data export causing crash [Smith],Issue reported: Data export causing crash. This is blocking deployment. Action required: apply hotfix and escalate to engineering. Environment: production | First observed: 2023-05-21,Open,Medium,24,,2022-05-24,
149,8,Dashboard running slow [Rhodes],Issue reported: Dashboard running slow. Customer Rhodes Burke and Love This is causing data inconsistency. Action required: implement workaround and apply hotfix. Frequency: intermittent | First observed: 2023-11-27,Open,High,20,9,2024-02-11,
150,3,High priority Backend error in user workflow [Davies],Issue reported: High priority Backend error in user workflow. Customer Davies Johnson This is causing data inconsistency. Action required: coordinate with customer and escalate to engineering. Environment: pre-prod | First observed: 2023-06-03,Closed,Low,12,22,2022-01-06,2025-11-02
151,4,Unable to export data - connection refused [POC],Issue reported: Unable to export data - connection refused. This is preventing access. Action required: coordinate with customer and investigate root cause. Frequency: sporadic | First observed: 2024-09-14,Resolved,Medium,25,,2024-06-26,2025-01-25
152,11,Unable to access dashboard - permission denied [Internal],Issue reported: Unable to access dashboard - permission denied. This is impacting SLA. Action required: coordinate with customer and apply hotfix. First observed: 2023-07-01 | Frequency: increasing,Open,High,1,,2024-04-02,
153,4,Unable to complete sync - resource exhausted [POC],Issue reported: Unable to complete sync - resource exhausted. Customer Rich Spencer This is blocking deployment. Action required: escalate to engineering and investigate root cause. Environment: pre-prod | Impact: medium,Open,High,22,4,2024-04-06,
154,10,Report generation causing problem [MonitorHub],Issue reported: Report generation causing problem. Customer Smith Gibbs and Martin This is blocking deployment. Action required: coordinate with customer and investigate root cause. First observed: 2023-08-09 | Frequency: sporadic,In Progress,Medium,11,31,2022-12-28,
155,10,Request: API access for client environment [MonitorHub],Issue reported: Request: API access for client environment. This is blocking deployment. Action required: implement workaround and investigate root cause. Environment: production | Impact: medium,Resolved,Critical,15,,2024-12-03,2023-10-23
156,10,Batch job causing bug [MonitorHub],Issue reported: Batch job causing bug. Customer Smith Gibbs and Martin This is impacting SLA. Action required: escalate to engineering and investigate root cause. Impact: critical | Environment: production,In Progress,Low,18,31,2023-09-29,
157,1,Authentication performance degradation [Internal],Issue reported: Authentication performance degradation. This is causing data inconsistency. Action required: implement workaround and escalate to engineering. First observed: 2024-08-31 | Frequency: intermittent,Resolved,Medium,14,,2023-03-27,2023-05-09
158,6,Login attempt causing crash [Carpenter],Issue reported: Login attempt causing crash. Customer Carpenter Garcia This is causing data inconsistency. Action required: coordinate with customer and apply hotfix. First observed: 2024-07-13 | Frequency: increasing,In Progress,Medium,16,26,2022-01-18,
159,11,Batch job causing error [Internal],Issue reported: Batch job causing error. This is causing data inconsistency. Action required: coordinate with customer and apply hotfix. Environment: pre-prod | First observed: 2024-05-01,Open,Low,10,,2024-04-07,
160,3,Request: API access for production [Davies],Issue reported: Request: API access for production. Customer Davies Johnson This is preventing access. Action required: implement workaround and implement workaround. Environment: pre-prod | First observed: 2023-01-21,Closed,Medium,3,22,2024-08-04,2025-08-26
161,12,Database high latency [Internal],Issue reported: Database high latency. This is causing data inconsistency. Action required: apply hotfix and escalate to engineering. First observed: 2023-12-18 | Environment: production,In Progress,Low,24,,2022-08-22,
162,5,Integration memory leak [DataPipeline],Issue reported: Integration memory leak. Customer Taylor Group This is impacting SLA. Action required: investigate root cause and coordinate with customer. First observed: 2023-02-20 | Impact: high,Open,Low,20,10,2022-10-10,
163,7,Unable to load module - connection refused [SecureGate],Issue reported: Unable to load module - connection refused. Customer Jordan Ltd This is preventing access. Action required: implement workaround and escalate to engineering. Environment: staging | Frequency: increasing,In Progress,Medium,2,6,2023-06-04,
164,5,Report generation causing issue [DataPipeline],Issue reported: Report generation causing issue. Customer Taylor Group This is affecting multiple users. Action required: apply hotfix and apply hotfix. First observed: 2023-04-15 | Frequency: sporadic,Closed,Critical,6,10,2023-10-02,2025-01-02
165,9,Login attempt causing issue [Pilot],Issue reported: Login attempt causing issue. This is blocking deployment. Action required: investigate root cause and apply hotfix. Environment: production | First observed: 2023-09-22,Resolved,Medium,2,,2024-12-29,2024-08-30
166,12,Unable to complete sync - null pointer [Internal],Issue reported: Unable to complete sync - null pointer. This is affecting multiple users. Action required: apply hotfix and implement workaround. First observed: 2023-05-08 | Impact: critical,Resolved,Medium,13,,2022-04-06,2023-01-28
167,5,Batch job causing issue [DataPipeline],Issue reported: Batch job causing issue. This is blocking deployment. Action required: apply hotfix and escalate to engineering. Frequency: sporadic | Impact: high,Resolved,Medium,6,,2024-04-07,2023-12-19
168,5,Authentication bottleneck detected [DataPipeline],Issue reported: Authentication bottleneck detected. Customer Taylor Group This is blocking deployment. Action required: investigate root cause and coordinate with customer. Frequency: sporadic | Environment: multi-region,In Progress,Medium,23,10,2024-07-12,
169,1,Request: Enhanced logging for production [Internal],Issue reported: Request: Enhanced logging for production. This is preventing access. Action required: coordinate with customer and escalate to engineering. Impact: critical | Environment: production,In Progress,Medium,12,,2023-05-19,
170,4,Login attempt causing timeout [POC],Issue reported: Login attempt causing timeout. Customer Rich Spencer This is causing data inconsistency. Action required: escalate to engineering and implement workaround. Environment: production | First observed: 2023-12-15,Open,Medium,21,4,2024-10-28,
171,8,Unable to generate report - timeout error [Rhodes],Issue reported: Unable to generate report - timeout error. Customer Rhodes Burke and Love This is causing data inconsistency. Action required: coordinate with customer and investigate root cause. First observed: 2023-09-08 | Environment: multi-region,Resolved,Medium,15,9,2023-03-20,2024-10-20
172,6,Dashboard performance degradation [Carpenter],Issue reported: Dashboard performance degradation. Customer Carpenter Garcia This is affecting multiple users. Action required: coordinate with customer and apply hotfix. Environment: staging | Frequency: increasing,In Progress,Critical,1,26,2022-01-24,
173,11,Urgent Integration issue in client environment [Internal],Issue reported: Urgent Integration issue in client environment. This is blocking deployment. Action required: escalate to engineering and implement workaround. Frequency: increasing | First observed: 2023-02-07,In Progress,High,25,,2023-05-28,
174,1,Unable to complete sync - null pointer [Internal],Issue reported: Unable to complete sync - null pointer. This is impacting SLA. Action required: investigate root cause and apply hotfix. Environment: multi-region | Impact: user-facing,Resolved,Critical,6,,2022-11-18,2024-04-30
175,12,Unable to access dashboard - connection refused [Internal],Issue reported: Unable to access dashboard - connection refused. This is preventing access. Action required: implement workaround and investigate root cause. First observed: 2024-12-20 | Frequency: sporadic,Resolved,Critical,8,,2023-01-22,2024-04-05
176,5,High priority Service malfunction in development [DataPipeline],Issue reported: High priority Service malfunction in development. Customer Taylor Group This is blocking deployment. Action required: coordinate with customer and escalate to engineering. Environment: staging | First observed: 2024-09-27,Closed,Medium,11,10,2022-12-25,2023-05-08
177,3,Request: Audit trail for development [Davies],Issue reported: Request: Audit trail for development. Customer Davies Johnson This is impacting SLA. Action required: apply hotfix and escalate to engineering. First observed: 2024-05-04 | Impact: medium,In Progress,High,24,22,2022-11-03,
178,6,UI bottleneck detected [Carpenter],Issue reported: UI bottleneck detected. Customer Carpenter Garcia This is affecting multiple users. Action required: investigate root cause and escalate to engineering. Impact: critical | Environment: staging,Resolved,Critical,17,26,2024-08-02,2023-08-27
179,12,Request: Enhanced logging for user workflow [Internal],Issue reported: Request: Enhanced logging for user workflow. This is blocking deployment. Action required: implement workaround and escalate to engineering. Environment: staging | First observed: 2024-05-30,Open,Low,8,,2024-07-19,
180,6,Module performance degradation [Carpenter],Issue reported: Module performance degradation. Customer Carpenter Garcia This is blocking deployment. Action required: implement workaround and implement workaround. Environment: pre-prod | First observed: 2024-03-10,In Progress,High,7,26,2024-06-22,
